cultura,area_ha,insumo,quantidade
Cana,3.0,Adubo,750.0
Cana,10.0,Adubo,2500.0
Laranja,78.53981633974483,Defensivo,11780.972450961724
Laranja,7.068583470577035,Defensivo,1060.2875205865553
